name,email,phone
JaneDoe1,JaneDoe1@gmail.com,333-333-3455
JaneDoe2,JaneDoe2@gmail.com,333-333-3456
JaneDoe3,JaneDoe3@gmail.com,333-333-3457
JaneDoe4,JaneDoe4@gmail.com,333-333-3458
JaneDoe5,JaneDoe5@gmail.com,333-333-3459
JaneDoe6,JaneDoe6@gmail.com,333-333-3460
JaneDoe7,JaneDoe7@gmail.com,333-333-3461
JaneDoe8,JaneDoe8@gmail.com,333-333-3462
JaneDoe9,JaneDoe9@gmail.com,333-333-3463
JaneDoe10,JaneDoe10@gmail.com,333-333-3464
JaneDoe11,JaneDoe11@gmail.com,333-333-3465
JaneDoe12,JaneDoe12@gmail.com,333-333-3466
JaneDoe13,JaneDoe13@gmail.com,333-333-3467
JaneDoe14,JaneDoe14@gmail.com,333-333-3468
JaneDoe15,JaneDoe15@gmail.com,333-333-3469
JaneDoe16,JaneDoe16@gmail.com,333-333-3470
JaneDoe17,JaneDoe17@gmail.com,333-333-3471
JaneDoe18,JaneDoe18@gmail.com,333-333-3472
