Model-Minal,Model-Axander,Axander-ID
TOYOTA 4Runner,Toyota 4Runner,
TOYOTA Tacoma,Toyota Tacoma,
TOYOTA Tundra,Toyota Tundra,
SMART ForTwo ed,Smart Fortwo Electric Drive,
NISSAN Leaf,Nissan Leaf,
JEEP Wrangler,Jeep Wrangler,
JEEP Wrangler Unlimited,Jeep Wrangler,
HONDA Ridgeline,Honda Ridgeline,
GMC Canyon,GMC Canyon,
GMC Sierra 15,GMC Sierra,
CHEVROLET Colorado,Chevrolet Colorado,
CHEVROLET Colorado ZR2,Chevrolet Colorado,
CHEVROLET Silverado 15,Chevrolet Silverado,
FIAT 500,Fiat 500,
FIAT 500 Abarth,Fiat 500,
FIAT 500L,Fiat 500,
FIAT 500X,Fiat 500,
FIAT 500e,BMW 7-series,
BMW 740e,BMW 7-series,
BMW 740i,BMW 7-series,
BMW 750i,BMW 7-series,
JAGUAR XJ,Jaguar XJ,
